sheet,table,field,signature,example,count,rule_id,status
Home,Table19,STT,"IF(Table19[[#This Row],[Nội dung]]={n},{n},SUBTOTAL({n},B{row}:Table19[[#This Row],[Nội dung]]))","IF(Table19[[#This Row],[Nội dung]]=0,0,SUBTOTAL(3,$B$5:Table19[[#This Row],[Nội dung]]))",16,FR-0001,Cần chuyển thành Business Rule và UAT
ChiTietLopHoc,T_ChiTietLop,TenThu,"TEXT(WEEKDAY(T_ChiTietLop[[#This Row],[Ngay thang]],{n}),""ddd"")","TEXT(WEEKDAY(T_ChiTietLop[[#This Row],[Ngay thang]],1),""ddd"")",4851,FR-0002,Cần chuyển thành Business Rule và UAT
ChiTietLopHoc,T_ChiTietLop,Buoi so,"IFERROR(IF(T_ChiTietLop[[#This Row],[TTHoc]]=""C"",COUNTIFS(O{row}:O{row},T_ChiTietLop[[#This Row],[TenLop]],ChiTietLopHoc!T{row}:T{row},""C"")+VLOOKUP(O{row},T_DSLop[[Ten lop]:[Buoi so]],{n},{n}),""N""),"""")","IFERROR(IF(T_ChiTietLop[[#This Row],[TTHoc]]=""C"",COUNTIFS($O$6:O6,T_ChiTietLop[[#This Row],[TenLop]],ChiTietLopHoc!$T$6:T6,""C"")+VLOOKUP($O6,T_DSLop[[Ten lop]:[Buoi so]],6,0),""N""),"""")",4851,FR-0003,Cần chuyển thành Business Rule và UAT
ChiTietLopHoc,T_ChiTietLop,Nhac viec 1,"IFERROR(VLOOKUP(DAY(T_ChiTietLop[[#This Row],[Ngay thang]]),T_DSLop[[Ngay CĐ]:[Cong viec]],{n},{n}),"""")","IFERROR(VLOOKUP(DAY(T_ChiTietLop[[#This Row],[Ngay thang]]),T_DSLop[[Ngay CĐ]:[Cong viec]],3,0),"""")",4838,FR-0004,Cần chuyển thành Business Rule và UAT
ChiTietLopHoc,T_ChiTietLop,Nhac viec 2,"IFERROR(VLOOKUP(T_ChiTietLop[[#This Row],[TenThu]],T_DSLop[[Thu]:[Cong viec]],{n},{n}),"""")","IFERROR(VLOOKUP(T_ChiTietLop[[#This Row],[TenThu]],T_DSLop[[Thu]:[Cong viec]],2,0),"""")",4838,FR-0005,Cần chuyển thành Business Rule và UAT
ChiTietLopHoc,T_ChiTietLop,Phat sinh,"IFERROR(VLOOKUP(T_ChiTietLop[[#This Row],[Ngay thang]],T_DSLop[[Ngay phat sinh]:[Cong viec PS]],{n},{n}),"""")","IFERROR(VLOOKUP(T_ChiTietLop[[#This Row],[Ngay thang]],T_DSLop[[Ngay phat sinh]:[Cong viec PS]],2,0),"""")",4838,FR-0006,Cần chuyển thành Business Rule và UAT
ChiTietLopHoc,T_ChiTietLop,Ket qua,"IF(AND(T_ChiTietLop[[#This Row],[Nhac viec {n}]]="""",T_ChiTietLop[[#This Row],[Nhac viec {n}]]="""",T_ChiTietLop[[#This Row],[Phat sinh]]=""""),"""",IF(T_ChiTietLop[[#This Row],[Ngay HT]]=T_ChiTietLop[[#This Row],[Ngay thang]],""Hoàn Thành"",IF(T_ChiTietLop[[#This Row],[Ngay HT]]>T_ChiTietLop[[#This Row],[Ngay thang]],""HT Muộn"",IF(T_ChiTietLop[[#This Row],[Ngay HT]]="""",""Chưa hoàn thành"",""HT trước hạn""))))","IF(AND(T_ChiTietLop[[#This Row],[Nhac viec 1]]="""",T_ChiTietLop[[#This Row],[Nhac viec 2]]="""",T_ChiTietLop[[#This Row],[Phat sinh]]=""""),"""",IF(T_ChiTietLop[[#This Row],[Ngay HT]]=T_ChiTietLop[[#This Row],[Ngay thang]],""Hoàn Thành"",IF(T_ChiTietLop[[#This Row],[Ngay HT]]>T_ChiTietLop[[#This Row],[Ngay thang]],""HT Muộn"",IF(T_ChiTietLop[[#This Row],[Ngay HT]]="""",""Chưa hoàn thành"",""HT trước hạn""))))",4838,FR-0007,Cần chuyển thành Business Rule và UAT
ChiTietLopHoc,T_ChiTietLop,So_Gio,"IF(TRIM(T_ChiTietLop[[#This Row],[ThoiGian]])="""",{n},((RIGHT(T_ChiTietLop[[#This Row],[ThoiGian]],{n})-LEFT(T_ChiTietLop[[#This Row],[ThoiGian]],{n}))*{n})+IF(T_ChiTietLop[[#This Row],[Them (h)]]="""",{n},T_ChiTietLop[[#This Row],[Them (h)]])-IF(T_ChiTietLop[[#This Row],[Column42]]="""",{n},T_ChiTietLop[[#This Row],[Column42]]))","IF(TRIM(T_ChiTietLop[[#This Row],[ThoiGian]])="""",0,((RIGHT(T_ChiTietLop[[#This Row],[ThoiGian]],5)-LEFT(T_ChiTietLop[[#This Row],[ThoiGian]],5))*24)+IF(T_ChiTietLop[[#This Row],[Them (h)]]="""",0,T_ChiTietLop[[#This Row],[Them (h)]])-IF(T_ChiTietLop[[#This Row],[Column42]]="""",0,T_ChiTietLop[[#This Row],[Column42]]))",4851,FR-0008,Cần chuyển thành Business Rule và UAT
ChiTietLopHoc,T_ChiTietLop,So_gio_GV,"IFERROR(IF(T_ChiTietLop[[#This Row],[TTHoc]]=""K"","""",IF(T_ChiTietLop[[#This Row],[Ca_Gio]]=""Giờ"",T_ChiTietLop[[#This Row],[So_Gio]],{n})),{n})","IFERROR(IF(T_ChiTietLop[[#This Row],[TTHoc]]=""K"","""",IF(T_ChiTietLop[[#This Row],[Ca_Gio]]=""Giờ"",T_ChiTietLop[[#This Row],[So_Gio]],1)),0)",4851,FR-0009,Cần chuyển thành Business Rule và UAT
ChiTietLopHoc,T_ChiTietLop,Luongh_GV,"IFERROR(INDEX(T_NS[[Tên ngắn]:[Column3]],MATCH(T_ChiTietLop[[#This Row],[Giáo viên]],T_NS[Tên ngắn],{n}),{n}),{n})","IFERROR(INDEX(T_NS[[Tên ngắn]:[Column3]],MATCH(T_ChiTietLop[[#This Row],[Giáo viên]],T_NS[Tên ngắn],0),4),0)",4851,FR-0010,Cần chuyển thành Business Rule và UAT
ChiTietLopHoc,T_ChiTietLop,Ca_Gio,"IFERROR(VLOOKUP(T_ChiTietLop[[#This Row],[Giáo viên]],T_NS[[Tên ngắn]:[Column4]],{n},{n}),{n})","IFERROR(VLOOKUP(T_ChiTietLop[[#This Row],[Giáo viên]],T_NS[[Tên ngắn]:[Column4]],5,0),0)",4851,FR-0011,Cần chuyển thành Business Rule và UAT
ChiTietLopHoc,T_ChiTietLop,Tien_GV,"IFERROR(T_ChiTietLop[[#This Row],[So_gio_GV]]*T_ChiTietLop[[#This Row],[Luongh_GV]],{n})","IFERROR(T_ChiTietLop[[#This Row],[So_gio_GV]]*T_ChiTietLop[[#This Row],[Luongh_GV]],0)",4851,FR-0012,Cần chuyển thành Business Rule và UAT
ChiTietLopHoc,T_ChiTietLop,So_gio_TG,"IF(TRIM(T_ChiTietLop[[#This Row],[ThoiGian]])="""",{n},((RIGHT(T_ChiTietLop[[#This Row],[ThoiGian]],{n})-LEFT(T_ChiTietLop[[#This Row],[ThoiGian]],{n}))*{n})+{n}+IF(T_ChiTietLop[[#This Row],[Cộng giờ TG]]="""",{n},T_ChiTietLop[[#This Row],[Cộng giờ TG]])-IF(T_ChiTietLop[[#This Row],[Đi muộn TG]]="""",{n},T_ChiTietLop[[#This Row],[Đi muộn TG]]))","IF(TRIM(T_ChiTietLop[[#This Row],[ThoiGian]])="""",0,((RIGHT(T_ChiTietLop[[#This Row],[ThoiGian]],5)-LEFT(T_ChiTietLop[[#This Row],[ThoiGian]],5))*24)+0.5+IF(T_ChiTietLop[[#This Row],[Cộng giờ TG]]="""",0,T_ChiTietLop[[#This Row],[Cộng giờ TG]])-IF(T_ChiTietLop[[#This Row],[Đi muộn TG]]="""",0,T_ChiTietLop[[#This Row],[Đi muộn TG]]))",4851,FR-0013,Cần chuyển thành Business Rule và UAT
ChiTietLopHoc,T_ChiTietLop,Luongh_TG,"IFERROR(VLOOKUP(T_ChiTietLop[[#This Row],[Trợ giảng]],T_NS[[Tên ngắn]:[Column3]],{n},{n}),{n})","IFERROR(VLOOKUP(T_ChiTietLop[[#This Row],[Trợ giảng]],T_NS[[Tên ngắn]:[Column3]],4,0),0)",4851,FR-0014,Cần chuyển thành Business Rule và UAT
ChiTietLopHoc,T_ChiTietLop,Tien_TG,"IF(T_ChiTietLop[[#This Row],[TTHoc]]=""K"","""",T_ChiTietLop[[#This Row],[So_gio_TG]]*T_ChiTietLop[[#This Row],[Luongh_TG]])","IF(T_ChiTietLop[[#This Row],[TTHoc]]=""K"","""",T_ChiTietLop[[#This Row],[So_gio_TG]]*T_ChiTietLop[[#This Row],[Luongh_TG]])",4851,FR-0015,Cần chuyển thành Business Rule và UAT
ChiTietLopHoc,T_ChiTietLop,Gio NV,"(T_ChiTietLop[[#This Row],[Về S]]+T_ChiTietLop[[#This Row],[Về C]]-T_ChiTietLop[[#This Row],[Đến C]]-T_ChiTietLop[[#This Row],[Đến S]])*{n}","(T_ChiTietLop[[#This Row],[Về S]]+T_ChiTietLop[[#This Row],[Về C]]-T_ChiTietLop[[#This Row],[Đến C]]-T_ChiTietLop[[#This Row],[Đến S]])*24",4851,FR-0016,Cần chuyển thành Business Rule và UAT
ChiTietLopHoc,T_ChiTietLop,Cong NV,"T_ChiTietLop[[#This Row],[Gio NV]]/{n}","T_ChiTietLop[[#This Row],[Gio NV]]/8",4851,FR-0017,Cần chuyển thành Business Rule và UAT
ChiTietLopHoc,T_ChiTietLop,TenLop2,"T_ChiTietLop[[#This Row],[TenLop]]&"" (""&T_ChiTietLop[[#This Row],[Giáo viên]]&""+""&T_ChiTietLop[[#This Row],[Trợ giảng]]&"")""","T_ChiTietLop[[#This Row],[TenLop]]&"" (""&T_ChiTietLop[[#This Row],[Giáo viên]]&""+""&T_ChiTietLop[[#This Row],[Trợ giảng]]&"")""",4851,FR-0018,Cần chuyển thành Business Rule và UAT
ChiTietLopHoc,T_ChiTietLop,TenLop3,"SUMIF(T_HV[TenLop],T_ChiTietLop[[#This Row],[TenLop]],T_HV[TenHV])","SUMIF(T_HV[TenLop],T_ChiTietLop[[#This Row],[TenLop]],T_HV[TenHV])",4851,FR-0019,Cần chuyển thành Business Rule và UAT
ChiTietLopHoc,T_ChiTietLop,am/pm,"LEFT(T_ChiTietLop[[#This Row],[Time và buoi]],{n})","LEFT(T_ChiTietLop[[#This Row],[Time và buoi]],2)",4851,FR-0020,Cần chuyển thành Business Rule và UAT
ChiTietLopHoc,T_ChiTietLop,Column1,"DAY(T_ChiTietLop[[#This Row],[Ngay thang]])&MONTH(T_ChiTietLop[[#This Row],[Ngay thang]])&YEAR(T_ChiTietLop[[#This Row],[Ngay thang]])","DAY(T_ChiTietLop[[#This Row],[Ngay thang]])&MONTH(T_ChiTietLop[[#This Row],[Ngay thang]])&YEAR(T_ChiTietLop[[#This Row],[Ngay thang]])",4851,FR-0021,Cần chuyển thành Business Rule và UAT
ChiTietLopHoc,T_ChiTietLop,Thu&Buoi&Lop,"T_ChiTietLop[[#This Row],[Column1]]&T_ChiTietLop[[#This Row],[am/pm]]&T_ChiTietLop[[#This Row],[TenLop]]","T_ChiTietLop[[#This Row],[Column1]]&T_ChiTietLop[[#This Row],[am/pm]]&T_ChiTietLop[[#This Row],[TenLop]]",4851,FR-0022,Cần chuyển thành Business Rule và UAT
ChiTietLopHoc,T_ChiTietLop,Tháng,"MONTH(T_ChiTietLop[[#This Row],[Ngay thang]])","MONTH(T_ChiTietLop[[#This Row],[Ngay thang]])",4851,FR-0023,Cần chuyển thành Business Rule và UAT
ChiTietLopHoc,T_ChiTietLop,Time và buoi,"T_ChiTietLop[[#This Row],[ThoiGian]]&"" (Room ""&T_ChiTietLop[[#This Row],[Buoi so]]&"")""","T_ChiTietLop[[#This Row],[ThoiGian]]&"" (Room ""&T_ChiTietLop[[#This Row],[Buoi so]]&"")""",4851,FR-0024,Cần chuyển thành Business Rule và UAT
ChiTietLopHoc,T_ChiTietLop,So buoi hoc,"IF(T_ChiTietLop[[#This Row],[TTHoc]]=""C"",{n},"""")","IF(T_ChiTietLop[[#This Row],[TTHoc]]=""C"",1,"""")",4851,FR-0025,Cần chuyển thành Business Rule và UAT
ChiTietLopHoc,T_ChiTietLop,So buoi nghi,"IF(T_ChiTietLop[[#This Row],[TTHoc]]=""K"",{n},"""")","IF(T_ChiTietLop[[#This Row],[TTHoc]]=""K"",1,"""")",4851,FR-0026,Cần chuyển thành Business Rule và UAT
ChiTietLopHoc,T_ChiTietLop,Tuần,"IF(T_ChiTietLop[[#This Row],[Ngay thang]]="""","""",WEEKNUM(T_ChiTietLop[[#This Row],[Ngay thang]],{n}))","IF(T_ChiTietLop[[#This Row],[Ngay thang]]="""","""",WEEKNUM(T_ChiTietLop[[#This Row],[Ngay thang]],2))",4851,FR-0027,Cần chuyển thành Business Rule và UAT
ChiTietLopHoc,T_ChiTietLop,HomNay,"IF(T_ChiTietLop[[#This Row],[Ngay thang]]=TODAY(),""Hôm nay"",IF(T_ChiTietLop[[#This Row],[Ngay thang]]=TODAY()+{n},""Ngày mai"",IF(T_ChiTietLop[[#This Row],[Ngay thang]]=TODAY()-{n},""Hôm qua"","""")))","IF(T_ChiTietLop[[#This Row],[Ngay thang]]=TODAY(),""Hôm nay"",IF(T_ChiTietLop[[#This Row],[Ngay thang]]=TODAY()+1,""Ngày mai"",IF(T_ChiTietLop[[#This Row],[Ngay thang]]=TODAY()-1,""Hôm qua"","""")))",4851,FR-0028,Cần chuyển thành Business Rule và UAT
DSTest,T_DSTest,tuoi,"IF(T_DSTest[[#This Row],[DoB]]="""","""",YEAR(TODAY())-YEAR(T_DSTest[[#This Row],[DoB]]))","IF(T_DSTest[[#This Row],[DoB]]="""","""",YEAR(TODAY())-YEAR(T_DSTest[[#This Row],[DoB]]))",502,FR-0029,Cần chuyển thành Business Rule và UAT
DSTest,T_DSTest,LopHoc,"IFERROR(IF(T_DSTest[[#This Row],[tuoi]]-{n}>{n},T_DSTest[[#This Row],[tuoi]]-{n},IF(T_DSTest[[#This Row],[tuoi]]-{n}<{n},""MN"","""")),"""")","IFERROR(IF(T_DSTest[[#This Row],[tuoi]]-5>0,T_DSTest[[#This Row],[tuoi]]-5,IF(T_DSTest[[#This Row],[tuoi]]-5<0,""MN"","""")),"""")",502,FR-0030,Cần chuyển thành Business Rule và UAT
DSTest,T_DSTest,Tình trạng cần liên hệ,"IFERROR(IF(T_DSTest[[#This Row],[Tình trạng test]]=""Chưa test"",IF(T_DSTest[[#This Row],[NgayTest]]-TODAY()<={n},""Liên hệ ngay"",""""),IF(T_DSTest[[#This Row],[MaSo]]="""",IF(T_DSTest[[#This Row],[Ngày dự kiến đi học]]-TODAY()<={n},""Liên hệ ngay"",""""),"""")),"""")","IFERROR(IF(T_DSTest[[#This Row],[Tình trạng test]]=""Chưa test"",IF(T_DSTest[[#This Row],[NgayTest]]-TODAY()<=1,""Liên hệ ngay"",""""),IF(T_DSTest[[#This Row],[MaSo]]="""",IF(T_DSTest[[#This Row],[Ngày dự kiến đi học]]-TODAY()<=1,""Liên hệ ngay"",""""),"""")),"""")",502,FR-0031,Cần chuyển thành Business Rule và UAT
DSTest,T_DSTest,TenHV&MaSo,"T_DSTest[[#This Row],[HoTenHV]]&T_DSTest[[#This Row],[MaSo]]","T_DSTest[[#This Row],[HoTenHV]]&T_DSTest[[#This Row],[MaSo]]",502,FR-0032,Cần chuyển thành Business Rule và UAT
DSTest,T_DSTest,TinhTrangHoc,"IF(T_DSTest[[#This Row],[Ngày nhập học]]<>{n},""Đã đi học"",""Chưa đi học"")","IF(T_DSTest[[#This Row],[Ngày nhập học]]<>0,""Đã đi học"",""Chưa đi học"")",502,FR-0033,Cần chuyển thành Business Rule và UAT
DSTest,T_DSTest,Tháng nhập học,"IFERROR(YEAR(T_DSTest[[#This Row],[Ngày nhập học]])&""-""&MONTH(T_DSTest[[#This Row],[Ngày nhập học]]),"""")","IFERROR(YEAR(T_DSTest[[#This Row],[Ngày nhập học]])&""-""&MONTH(T_DSTest[[#This Row],[Ngày nhập học]]),"""")",502,FR-0034,Cần chuyển thành Business Rule và UAT
DSTest,T_DSTest,Tình trạng nhập DSHV,"IF(COUNTIF(T_HV[TenHV&MaSo],T_DSTest[[#This Row],[TenHV&MaSo]])>={n},""Đã nhập DSHV"",""Chưa nhập DSHV"")","IF(COUNTIF(T_HV[TenHV&MaSo],T_DSTest[[#This Row],[TenHV&MaSo]])>=1,""Đã nhập DSHV"",""Chưa nhập DSHV"")",502,FR-0035,Cần chuyển thành Business Rule và UAT
DSTest,T_DSTest,Tuần ĐK,"IF(T_DSTest[[#This Row],[NgayGap]]="""","""",WEEKNUM(T_DSTest[[#This Row],[NgayGap]],{n}))","IF(T_DSTest[[#This Row],[NgayGap]]="""","""",WEEKNUM(T_DSTest[[#This Row],[NgayGap]],2))",502,FR-0036,Cần chuyển thành Business Rule và UAT
DSTest,T_DSTest,Tháng ĐK,"IF(T_DSTest[[#This Row],[NgayGap]]="""","""",IFERROR(YEAR(T_DSTest[[#This Row],[NgayGap]])&""-""&MONTH(T_DSTest[[#This Row],[NgayGap]]),""""))","IF(T_DSTest[[#This Row],[NgayGap]]="""","""",IFERROR(YEAR(T_DSTest[[#This Row],[NgayGap]])&""-""&MONTH(T_DSTest[[#This Row],[NgayGap]]),""""))",502,FR-0037,Cần chuyển thành Business Rule và UAT
DSTest,T_DSTest,Ten&Sdt,"T_DSTest[[#This Row],[HoTenPH]]&"" - ""&T_DSTest[[#This Row],[Sdt]]","T_DSTest[[#This Row],[HoTenPH]]&"" - ""&T_DSTest[[#This Row],[Sdt]]",502,FR-0038,Cần chuyển thành Business Rule và UAT
DSHV,T_HV,HP tồn,"IFERROR(SUMIF(T_HP[MaSo],T_HV[[#This Row],[MaSo]],T_HP[Con lai]),"""")","IFERROR(SUMIF(T_HP[MaSo],T_HV[[#This Row],[MaSo]],T_HP[Con lai]),"""")",423,FR-0039,Cần chuyển thành Business Rule và UAT
DSHV,T_HV,MaSo,"IFERROR(INDEX(T_DSTest[],MATCH(T_HV[[#This Row],[TenHV]],T_DSTest[HoTenHV],{n}),MATCH(T_HV[[#Headers],[MaSo]],T_DSTest[#Headers],{n})),"""")","IFERROR(INDEX(T_DSTest[],MATCH(T_HV[[#This Row],[TenHV]],T_DSTest[HoTenHV],0),MATCH(T_HV[[#Headers],[MaSo]],T_DSTest[#Headers],0)),"""")",423,FR-0040,Cần chuyển thành Business Rule và UAT
DSHV,T_HV,Tình trạng học,"IF(T_HV[[#This Row],[TenHV]]="""","""",IF(T_HV[[#This Row],[Ngay nghi]]={n},""Đang học"",""Đã nghỉ""))","IF(T_HV[[#This Row],[TenHV]]="""","""",IF(T_HV[[#This Row],[Ngay nghi]]=0,""Đang học"",""Đã nghỉ""))",423,FR-0041,Cần chuyển thành Business Rule và UAT
DSHV,T_HV,Sđt,"INDEX(T_DSTest[[Sdt]:[MaSo]],MATCH(T_HV[[#This Row],[MaSo]],T_DSTest[MaSo],{n}),{n})","INDEX(T_DSTest[[Sdt]:[MaSo]],MATCH(T_HV[[#This Row],[MaSo]],T_DSTest[MaSo],0),1)",423,FR-0042,Cần chuyển thành Business Rule và UAT
DSHV,T_HV,Column2,"VLOOKUP(T_HV[[#This Row],[MaSo]],T_DSTest[[MaSo]:[GhiChu2]],{n},{n})","VLOOKUP(T_HV[[#This Row],[MaSo]],T_DSTest[[MaSo]:[GhiChu2]],5,0)",423,FR-0043,Cần chuyển thành Business Rule và UAT
DSHV,T_HV,TenHV&MaSo,"IFERROR(T_HV[[#This Row],[TenHV]]&T_HV[[#This Row],[MaSo]],"""")","IFERROR(T_HV[[#This Row],[TenHV]]&T_HV[[#This Row],[MaSo]],"""")",423,FR-0044,Cần chuyển thành Business Rule và UAT
DSHV,T_HV,Ho ten,"T_HV[[#This Row],[TenHV]]","T_HV[[#This Row],[TenHV]]",423,FR-0045,Cần chuyển thành Business Rule và UAT
DSHV,T_HV,MaHV,"{n}&T_HV[[#This Row],[TenLop]]&""-""&T_HV[[#This Row],[MaSo]]","3&T_HV[[#This Row],[TenLop]]&""-""&T_HV[[#This Row],[MaSo]]",423,FR-0046,Cần chuyển thành Business Rule và UAT
DSHV,T_HV,TenHV&MaHV,"T_HV[[#This Row],[TenHV]]&"".""&T_HV[[#This Row],[MaHV]]","T_HV[[#This Row],[TenHV]]&"".""&T_HV[[#This Row],[MaHV]]",423,FR-0047,Cần chuyển thành Business Rule và UAT
DSHV,T_HV,Tháng sinh nhật,"MONTH(INDEX(T_DSTest[],MATCH(T_HV[[#This Row],[TenHV&MaSo]],T_DSTest[TenHV&MaSo],{n}),MATCH(""DoB"",T_DSTest[#Headers],{n})))","MONTH(INDEX(T_DSTest[],MATCH(T_HV[[#This Row],[TenHV&MaSo]],T_DSTest[TenHV&MaSo],0),MATCH(""DoB"",T_DSTest[#Headers],0)))",423,FR-0048,Cần chuyển thành Business Rule và UAT
DSHV,T_HV,HocPhi/Buoi,"IFERROR(INDEX(T_DSLop[],MATCH(T_HV[[#This Row],[TenLop]],T_DSLop[TenLop],{n}),MATCH(T_HV[[#Headers],[HocPhi/Buoi]],T_DSLop[#Headers],{n})),"""")","IFERROR(INDEX(T_DSLop[],MATCH(T_HV[[#This Row],[TenLop]],T_DSLop[TenLop],0),MATCH(T_HV[[#Headers],[HocPhi/Buoi]],T_DSLop[#Headers],0)),"""")",423,FR-0049,Cần chuyển thành Business Rule và UAT
DSHV,T_HV,Tinh trang HP,"IF(T_HV[[#This Row],[HP tồn]]<{n},""Dư HP"",IF(T_HV[[#This Row],[HP tồn]]>{n},""Nợ HP"",""Đóng đủ""))","IF(T_HV[[#This Row],[HP tồn]]<0,""Dư HP"",IF(T_HV[[#This Row],[HP tồn]]>0,""Nợ HP"",""Đóng đủ""))",423,FR-0050,Cần chuyển thành Business Rule và UAT
DSHV,T_HV,Tháng học,"IF(T_HV[[#This Row],[Ngay nhap]]="""","""",YEAR(T_HV[[#This Row],[Ngay nhap]])&""-""&MONTH(T_HV[[#This Row],[Ngay nhap]]))","IF(T_HV[[#This Row],[Ngay nhap]]="""","""",YEAR(T_HV[[#This Row],[Ngay nhap]])&""-""&MONTH(T_HV[[#This Row],[Ngay nhap]]))",423,FR-0051,Cần chuyển thành Business Rule và UAT
DSHV,T_HV,Tuần học,"WEEKNUM(T_HV[[#This Row],[Ngay nhap]],{n})","WEEKNUM(T_HV[[#This Row],[Ngay nhap]],2)",423,FR-0052,Cần chuyển thành Business Rule và UAT
DSHV,T_HV,Tuần nghỉ,"IF(T_HV[[#This Row],[Ngay nghi]]="""","""",WEEKNUM(T_HV[[#This Row],[Ngay nghi]],{n}))","IF(T_HV[[#This Row],[Ngay nghi]]="""","""",WEEKNUM(T_HV[[#This Row],[Ngay nghi]],2))",423,FR-0053,Cần chuyển thành Business Rule và UAT
DSHV,T_HV,Tháng nghỉ học,"IF(T_HV[[#This Row],[Ngay nghi]]="""","""",YEAR(T_HV[[#This Row],[Ngay nghi]])&""-""&MONTH(T_HV[[#This Row],[Ngay nghi]]))","IF(T_HV[[#This Row],[Ngay nghi]]="""","""",YEAR(T_HV[[#This Row],[Ngay nghi]])&""-""&MONTH(T_HV[[#This Row],[Ngay nghi]]))",423,FR-0054,Cần chuyển thành Business Rule và UAT
DSHV,T_HV,12,"IF(T_HV[[#This Row],[Ngay nghi]]={n},COUNTIFS(T_ChiTietLop[TenLop],T_HV[[#This Row],[TenLop]],T_ChiTietLop[Tháng],AF{row},T_ChiTietLop[Ngay thang],"">=""&T_HV[[#This Row],[Ngay nhap]]),COUNTIFS(T_ChiTietLop[TenLop],T_HV[[#This Row],[TenLop]],T_ChiTietLop[Tháng],AF{row},T_ChiTietLop[Ngay thang],"">=""&T_HV[[#This Row],[Ngay nhap]],T_ChiTietLop[Ngay thang],""<""&T_HV[[#This Row],[Ngay nghi]]))","IF(T_HV[[#This Row],[Ngay nghi]]=0,COUNTIFS(T_ChiTietLop[TenLop],T_HV[[#This Row],[TenLop]],T_ChiTietLop[Tháng],$AF$2,T_ChiTietLop[Ngay thang],"">=""&T_HV[[#This Row],[Ngay nhap]]),COUNTIFS(T_ChiTietLop[TenLop],T_HV[[#This Row],[TenLop]],T_ChiTietLop[Tháng],$AF$2,T_ChiTietLop[Ngay thang],"">=""&T_HV[[#This Row],[Ngay nhap]],T_ChiTietLop[Ngay thang],""<""&T_HV[[#This Row],[Ngay nghi]]))",423,FR-0055,Cần chuyển thành Business Rule và UAT
DSHV,T_HV,11,"IF(T_HV[[#This Row],[Ngay nghi]]={n},COUNTIFS(T_ChiTietLop[TenLop],T_HV[[#This Row],[TenLop]],T_ChiTietLop[Tháng],AG{row},T_ChiTietLop[Ngay thang],"">=""&T_HV[[#This Row],[Ngay nhap]]),COUNTIFS(T_ChiTietLop[TenLop],T_HV[[#This Row],[TenLop]],T_ChiTietLop[Tháng],AG{row},T_ChiTietLop[Ngay thang],"">=""&T_HV[[#This Row],[Ngay nhap]],T_ChiTietLop[Ngay thang],""<""&T_HV[[#This Row],[Ngay nghi]]))","IF(T_HV[[#This Row],[Ngay nghi]]=0,COUNTIFS(T_ChiTietLop[TenLop],T_HV[[#This Row],[TenLop]],T_ChiTietLop[Tháng],$AG$2,T_ChiTietLop[Ngay thang],"">=""&T_HV[[#This Row],[Ngay nhap]]),COUNTIFS(T_ChiTietLop[TenLop],T_HV[[#This Row],[TenLop]],T_ChiTietLop[Tháng],$AG$2,T_ChiTietLop[Ngay thang],"">=""&T_HV[[#This Row],[Ngay nhap]],T_ChiTietLop[Ngay thang],""<""&T_HV[[#This Row],[Ngay nghi]]))",423,FR-0056,Cần chuyển thành Business Rule và UAT
DSHV,T_HV,10,"IF(T_HV[[#This Row],[Ngay nghi]]={n},COUNTIFS(T_ChiTietLop[TenLop],T_HV[[#This Row],[TenLop]],T_ChiTietLop[Tháng],AH{row},T_ChiTietLop[Ngay thang],"">=""&T_HV[[#This Row],[Ngay nhap]]),COUNTIFS(T_ChiTietLop[TenLop],T_HV[[#This Row],[TenLop]],T_ChiTietLop[Tháng],AH{row},T_ChiTietLop[Ngay thang],"">=""&T_HV[[#This Row],[Ngay nhap]],T_ChiTietLop[Ngay thang],""<""&T_HV[[#This Row],[Ngay nghi]]))","IF(T_HV[[#This Row],[Ngay nghi]]=0,COUNTIFS(T_ChiTietLop[TenLop],T_HV[[#This Row],[TenLop]],T_ChiTietLop[Tháng],$AH$2,T_ChiTietLop[Ngay thang],"">=""&T_HV[[#This Row],[Ngay nhap]]),COUNTIFS(T_ChiTietLop[TenLop],T_HV[[#This Row],[TenLop]],T_ChiTietLop[Tháng],$AH$2,T_ChiTietLop[Ngay thang],"">=""&T_HV[[#This Row],[Ngay nhap]],T_ChiTietLop[Ngay thang],""<""&T_HV[[#This Row],[Ngay nghi]]))",423,FR-0057,Cần chuyển thành Business Rule và UAT
DSHV,T_HV,9,"IF(T_HV[[#This Row],[Ngay nghi]]={n},COUNTIFS(T_ChiTietLop[TenLop],T_HV[[#This Row],[TenLop]],T_ChiTietLop[Tháng],AI{row},T_ChiTietLop[Ngay thang],"">=""&T_HV[[#This Row],[Ngay nhap]]),COUNTIFS(T_ChiTietLop[TenLop],T_HV[[#This Row],[TenLop]],T_ChiTietLop[Tháng],AI{row},T_ChiTietLop[Ngay thang],"">=""&T_HV[[#This Row],[Ngay nhap]],T_ChiTietLop[Ngay thang],""<""&T_HV[[#This Row],[Ngay nghi]]))","IF(T_HV[[#This Row],[Ngay nghi]]=0,COUNTIFS(T_ChiTietLop[TenLop],T_HV[[#This Row],[TenLop]],T_ChiTietLop[Tháng],$AI$2,T_ChiTietLop[Ngay thang],"">=""&T_HV[[#This Row],[Ngay nhap]]),COUNTIFS(T_ChiTietLop[TenLop],T_HV[[#This Row],[TenLop]],T_ChiTietLop[Tháng],$AI$2,T_ChiTietLop[Ngay thang],"">=""&T_HV[[#This Row],[Ngay nhap]],T_ChiTietLop[Ngay thang],""<""&T_HV[[#This Row],[Ngay nghi]]))",423,FR-0058,Cần chuyển thành Business Rule và UAT
DSHV,T_HV,8,"IF(T_HV[[#This Row],[Ngay nghi]]={n},COUNTIFS(T_ChiTietLop[TenLop],T_HV[[#This Row],[TenLop]],T_ChiTietLop[Tháng],AJ{row},T_ChiTietLop[Ngay thang],"">=""&T_HV[[#This Row],[Ngay nhap]]),COUNTIFS(T_ChiTietLop[TenLop],T_HV[[#This Row],[TenLop]],T_ChiTietLop[Tháng],AJ{row},T_ChiTietLop[Ngay thang],"">=""&T_HV[[#This Row],[Ngay nhap]],T_ChiTietLop[Ngay thang],""<""&T_HV[[#This Row],[Ngay nghi]]))","IF(T_HV[[#This Row],[Ngay nghi]]=0,COUNTIFS(T_ChiTietLop[TenLop],T_HV[[#This Row],[TenLop]],T_ChiTietLop[Tháng],$AJ$2,T_ChiTietLop[Ngay thang],"">=""&T_HV[[#This Row],[Ngay nhap]]),COUNTIFS(T_ChiTietLop[TenLop],T_HV[[#This Row],[TenLop]],T_ChiTietLop[Tháng],$AJ$2,T_ChiTietLop[Ngay thang],"">=""&T_HV[[#This Row],[Ngay nhap]],T_ChiTietLop[Ngay thang],""<""&T_HV[[#This Row],[Ngay nghi]]))",423,FR-0059,Cần chuyển thành Business Rule và UAT
DSHV,T_HV,7,"IF(T_HV[[#This Row],[Ngay nghi]]={n},COUNTIFS(T_ChiTietLop[TenLop],T_HV[[#This Row],[TenLop]],T_ChiTietLop[Tháng],AK{row},T_ChiTietLop[Ngay thang],"">=""&T_HV[[#This Row],[Ngay nhap]]),COUNTIFS(T_ChiTietLop[TenLop],T_HV[[#This Row],[TenLop]],T_ChiTietLop[Tháng],AK{row},T_ChiTietLop[Ngay thang],"">=""&T_HV[[#This Row],[Ngay nhap]],T_ChiTietLop[Ngay thang],""<""&T_HV[[#This Row],[Ngay nghi]]))","IF(T_HV[[#This Row],[Ngay nghi]]=0,COUNTIFS(T_ChiTietLop[TenLop],T_HV[[#This Row],[TenLop]],T_ChiTietLop[Tháng],$AK$2,T_ChiTietLop[Ngay thang],"">=""&T_HV[[#This Row],[Ngay nhap]]),COUNTIFS(T_ChiTietLop[TenLop],T_HV[[#This Row],[TenLop]],T_ChiTietLop[Tháng],$AK$2,T_ChiTietLop[Ngay thang],"">=""&T_HV[[#This Row],[Ngay nhap]],T_ChiTietLop[Ngay thang],""<""&T_HV[[#This Row],[Ngay nghi]]))",423,FR-0060,Cần chuyển thành Business Rule và UAT
DSHV,T_HV,6,"IF(T_HV[[#This Row],[Ngay nghi]]={n},COUNTIFS(T_ChiTietLop[TenLop],T_HV[[#This Row],[TenLop]],T_ChiTietLop[Tháng],AL{row},T_ChiTietLop[Ngay thang],"">=""&T_HV[[#This Row],[Ngay nhap]]),COUNTIFS(T_ChiTietLop[TenLop],T_HV[[#This Row],[TenLop]],T_ChiTietLop[Tháng],AL{row},T_ChiTietLop[Ngay thang],"">=""&T_HV[[#This Row],[Ngay nhap]],T_ChiTietLop[Ngay thang],""<""&T_HV[[#This Row],[Ngay nghi]]))","IF(T_HV[[#This Row],[Ngay nghi]]=0,COUNTIFS(T_ChiTietLop[TenLop],T_HV[[#This Row],[TenLop]],T_ChiTietLop[Tháng],$AL$2,T_ChiTietLop[Ngay thang],"">=""&T_HV[[#This Row],[Ngay nhap]]),COUNTIFS(T_ChiTietLop[TenLop],T_HV[[#This Row],[TenLop]],T_ChiTietLop[Tháng],$AL$2,T_ChiTietLop[Ngay thang],"">=""&T_HV[[#This Row],[Ngay nhap]],T_ChiTietLop[Ngay thang],""<""&T_HV[[#This Row],[Ngay nghi]]))",423,FR-0061,Cần chuyển thành Business Rule và UAT
DSHV,T_HV,5,"IF(T_HV[[#This Row],[Ngay nghi]]={n},COUNTIFS(T_ChiTietLop[TenLop],T_HV[[#This Row],[TenLop]],T_ChiTietLop[Tháng],AM{row},T_ChiTietLop[Ngay thang],"">=""&T_HV[[#This Row],[Ngay nhap]]),COUNTIFS(T_ChiTietLop[TenLop],T_HV[[#This Row],[TenLop]],T_ChiTietLop[Tháng],AM{row},T_ChiTietLop[Ngay thang],"">=""&T_HV[[#This Row],[Ngay nhap]],T_ChiTietLop[Ngay thang],""<""&T_HV[[#This Row],[Ngay nghi]]))","IF(T_HV[[#This Row],[Ngay nghi]]=0,COUNTIFS(T_ChiTietLop[TenLop],T_HV[[#This Row],[TenLop]],T_ChiTietLop[Tháng],$AM$2,T_ChiTietLop[Ngay thang],"">=""&T_HV[[#This Row],[Ngay nhap]]),COUNTIFS(T_ChiTietLop[TenLop],T_HV[[#This Row],[TenLop]],T_ChiTietLop[Tháng],$AM$2,T_ChiTietLop[Ngay thang],"">=""&T_HV[[#This Row],[Ngay nhap]],T_ChiTietLop[Ngay thang],""<""&T_HV[[#This Row],[Ngay nghi]]))",423,FR-0062,Cần chuyển thành Business Rule và UAT
DSHV,T_HV,4,"IF(T_HV[[#This Row],[Ngay nghi]]={n},COUNTIFS(T_ChiTietLop[TenLop],T_HV[[#This Row],[TenLop]],T_ChiTietLop[Tháng],AN{row},T_ChiTietLop[Ngay thang],"">=""&T_HV[[#This Row],[Ngay nhap]]),COUNTIFS(T_ChiTietLop[TenLop],T_HV[[#This Row],[TenLop]],T_ChiTietLop[Tháng],AN{row},T_ChiTietLop[Ngay thang],"">=""&T_HV[[#This Row],[Ngay nhap]],T_ChiTietLop[Ngay thang],""<""&T_HV[[#This Row],[Ngay nghi]]))","IF(T_HV[[#This Row],[Ngay nghi]]=0,COUNTIFS(T_ChiTietLop[TenLop],T_HV[[#This Row],[TenLop]],T_ChiTietLop[Tháng],$AN$2,T_ChiTietLop[Ngay thang],"">=""&T_HV[[#This Row],[Ngay nhap]]),COUNTIFS(T_ChiTietLop[TenLop],T_HV[[#This Row],[TenLop]],T_ChiTietLop[Tháng],$AN$2,T_ChiTietLop[Ngay thang],"">=""&T_HV[[#This Row],[Ngay nhap]],T_ChiTietLop[Ngay thang],""<""&T_HV[[#This Row],[Ngay nghi]]))",423,FR-0063,Cần chuyển thành Business Rule và UAT
DSHV,T_HV,3,"IF(T_HV[[#This Row],[Ngay nghi]]={n},COUNTIFS(T_ChiTietLop[TenLop],T_HV[[#This Row],[TenLop]],T_ChiTietLop[Tháng],AO{row},T_ChiTietLop[Ngay thang],"">=""&T_HV[[#This Row],[Ngay nhap]]),COUNTIFS(T_ChiTietLop[TenLop],T_HV[[#This Row],[TenLop]],T_ChiTietLop[Tháng],AO{row},T_ChiTietLop[Ngay thang],"">=""&T_HV[[#This Row],[Ngay nhap]],T_ChiTietLop[Ngay thang],""<""&T_HV[[#This Row],[Ngay nghi]]))","IF(T_HV[[#This Row],[Ngay nghi]]=0,COUNTIFS(T_ChiTietLop[TenLop],T_HV[[#This Row],[TenLop]],T_ChiTietLop[Tháng],$AO$2,T_ChiTietLop[Ngay thang],"">=""&T_HV[[#This Row],[Ngay nhap]]),COUNTIFS(T_ChiTietLop[TenLop],T_HV[[#This Row],[TenLop]],T_ChiTietLop[Tháng],$AO$2,T_ChiTietLop[Ngay thang],"">=""&T_HV[[#This Row],[Ngay nhap]],T_ChiTietLop[Ngay thang],""<""&T_HV[[#This Row],[Ngay nghi]]))",423,FR-0064,Cần chuyển thành Business Rule và UAT
DSHV,T_HV,2,"IF(T_HV[[#This Row],[Ngay nghi]]={n},COUNTIFS(T_ChiTietLop[TenLop],T_HV[[#This Row],[TenLop]],T_ChiTietLop[Tháng],AP{row},T_ChiTietLop[Ngay thang],"">=""&T_HV[[#This Row],[Ngay nhap]]),COUNTIFS(T_ChiTietLop[TenLop],T_HV[[#This Row],[TenLop]],T_ChiTietLop[Tháng],AP{row},T_ChiTietLop[Ngay thang],"">=""&T_HV[[#This Row],[Ngay nhap]],T_ChiTietLop[Ngay thang],""<""&T_HV[[#This Row],[Ngay nghi]]))","IF(T_HV[[#This Row],[Ngay nghi]]=0,COUNTIFS(T_ChiTietLop[TenLop],T_HV[[#This Row],[TenLop]],T_ChiTietLop[Tháng],$AP$2,T_ChiTietLop[Ngay thang],"">=""&T_HV[[#This Row],[Ngay nhap]]),COUNTIFS(T_ChiTietLop[TenLop],T_HV[[#This Row],[TenLop]],T_ChiTietLop[Tháng],$AP$2,T_ChiTietLop[Ngay thang],"">=""&T_HV[[#This Row],[Ngay nhap]],T_ChiTietLop[Ngay thang],""<""&T_HV[[#This Row],[Ngay nghi]]))",423,FR-0065,Cần chuyển thành Business Rule và UAT
DSHV,T_HV,1,"IF(T_HV[[#This Row],[Ngay nghi]]={n},COUNTIFS(T_ChiTietLop[TenLop],T_HV[[#This Row],[TenLop]],T_ChiTietLop[Tháng],AQ{row},T_ChiTietLop[Ngay thang],"">=""&T_HV[[#This Row],[Ngay nhap]]),COUNTIFS(T_ChiTietLop[TenLop],T_HV[[#This Row],[TenLop]],T_ChiTietLop[Tháng],AQ{row},T_ChiTietLop[Ngay thang],"">=""&T_HV[[#This Row],[Ngay nhap]],T_ChiTietLop[Ngay thang],""<""&T_HV[[#This Row],[Ngay nghi]]))","IF(T_HV[[#This Row],[Ngay nghi]]=0,COUNTIFS(T_ChiTietLop[TenLop],T_HV[[#This Row],[TenLop]],T_ChiTietLop[Tháng],$AQ$2,T_ChiTietLop[Ngay thang],"">=""&T_HV[[#This Row],[Ngay nhap]]),COUNTIFS(T_ChiTietLop[TenLop],T_HV[[#This Row],[TenLop]],T_ChiTietLop[Tháng],$AQ$2,T_ChiTietLop[Ngay thang],"">=""&T_HV[[#This Row],[Ngay nhap]],T_ChiTietLop[Ngay thang],""<""&T_HV[[#This Row],[Ngay nghi]]))",423,FR-0066,Cần chuyển thành Business Rule và UAT
DSHV,T_HV,T1,"SUMIFS(T_HP[TongHP],T_HP[Thang va ho ten],DSHV!AS{row}&T_HV[[#This Row],[TenHV&MaHV]])","SUMIFS(T_HP[TongHP],T_HP[Thang va ho ten],DSHV!$AS$3&T_HV[[#This Row],[TenHV&MaHV]])",423,FR-0067,Cần chuyển thành Business Rule và UAT
DSHV,T_HV,T2,"SUMIFS(T_HP[TongHP],T_HP[Thang va ho ten],DSHV!AT{row}&T_HV[[#This Row],[TenHV&MaHV]])","SUMIFS(T_HP[TongHP],T_HP[Thang va ho ten],DSHV!$AT$3&T_HV[[#This Row],[TenHV&MaHV]])",423,FR-0068,Cần chuyển thành Business Rule và UAT
DSHV,T_HV,T3,"SUMIFS(T_HP[TongHP],T_HP[Thang va ho ten],DSHV!AU{row}&T_HV[[#This Row],[TenHV&MaHV]])","SUMIFS(T_HP[TongHP],T_HP[Thang va ho ten],DSHV!$AU$3&T_HV[[#This Row],[TenHV&MaHV]])",423,FR-0069,Cần chuyển thành Business Rule và UAT
DSHV,T_HV,T4,"SUMIFS(T_HP[TongHP],T_HP[Thang va ho ten],DSHV!AV{row}&T_HV[[#This Row],[TenHV&MaHV]])","SUMIFS(T_HP[TongHP],T_HP[Thang va ho ten],DSHV!$AV$3&T_HV[[#This Row],[TenHV&MaHV]])",423,FR-0070,Cần chuyển thành Business Rule và UAT
DSHV,T_HV,T5,"SUMIFS(T_HP[TongHP],T_HP[Thang va ho ten],DSHV!AW{row}&T_HV[[#This Row],[TenHV&MaHV]])","SUMIFS(T_HP[TongHP],T_HP[Thang va ho ten],DSHV!$AW$3&T_HV[[#This Row],[TenHV&MaHV]])",423,FR-0071,Cần chuyển thành Business Rule và UAT
DSHV,T_HV,T6,"SUMIFS(T_HP[TongHP],T_HP[Thang va ho ten],DSHV!AX{row}&T_HV[[#This Row],[TenHV&MaHV]])","SUMIFS(T_HP[TongHP],T_HP[Thang va ho ten],DSHV!$AX$3&T_HV[[#This Row],[TenHV&MaHV]])",423,FR-0072,Cần chuyển thành Business Rule và UAT
DSHV,T_HV,T7,"SUMIFS(T_HP[TongHP],T_HP[Thang va ho ten],DSHV!AY{row}&T_HV[[#This Row],[TenHV&MaHV]])","SUMIFS(T_HP[TongHP],T_HP[Thang va ho ten],DSHV!$AY$3&T_HV[[#This Row],[TenHV&MaHV]])",423,FR-0073,Cần chuyển thành Business Rule và UAT
DSHV,T_HV,T8,"SUMIFS(T_HP[TongHP],T_HP[Thang va ho ten],DSHV!AZ{row}&T_HV[[#This Row],[TenHV&MaHV]])","SUMIFS(T_HP[TongHP],T_HP[Thang va ho ten],DSHV!$AZ$3&T_HV[[#This Row],[TenHV&MaHV]])",423,FR-0074,Cần chuyển thành Business Rule và UAT
DSHV,T_HV,T9,"SUMIFS(T_HP[TongHP],T_HP[Thang va ho ten],DSHV!BA{row}&T_HV[[#This Row],[TenHV&MaHV]])","SUMIFS(T_HP[TongHP],T_HP[Thang va ho ten],DSHV!$BA$3&T_HV[[#This Row],[TenHV&MaHV]])",423,FR-0075,Cần chuyển thành Business Rule và UAT
DSHV,T_HV,T10,"SUMIFS(T_HP[TongHP],T_HP[Thang va ho ten],DSHV!BB{row}&T_HV[[#This Row],[TenHV&MaHV]])","SUMIFS(T_HP[TongHP],T_HP[Thang va ho ten],DSHV!$BB$3&T_HV[[#This Row],[TenHV&MaHV]])",423,FR-0076,Cần chuyển thành Business Rule và UAT
DSHV,T_HV,T11,"SUMIFS(T_HP[TongHP],T_HP[Thang va ho ten],DSHV!BC{row}&T_HV[[#This Row],[TenHV&MaHV]])","SUMIFS(T_HP[TongHP],T_HP[Thang va ho ten],DSHV!$BC$3&T_HV[[#This Row],[TenHV&MaHV]])",423,FR-0077,Cần chuyển thành Business Rule và UAT
DSHV,T_HV,T12,"SUMIFS(T_HP[TongHP],T_HP[Thang va ho ten],DSHV!BD{row}&T_HV[[#This Row],[TenHV&MaHV]])","SUMIFS(T_HP[TongHP],T_HP[Thang va ho ten],DSHV!$BD$3&T_HV[[#This Row],[TenHV&MaHV]])",423,FR-0078,Cần chuyển thành Business Rule và UAT
DSHV,T_HV,T13,"SUMIFS(T_HP[Con lai],T_HP[Thang va ho ten],DSHV!BE{row}&T_HV[[#This Row],[TenHV&MaHV]])","SUMIFS(T_HP[Con lai],T_HP[Thang va ho ten],DSHV!$BE$3&T_HV[[#This Row],[TenHV&MaHV]])",423,FR-0079,Cần chuyển thành Business Rule và UAT
DSHV,T_HV,T14,"SUMIFS(T_HP[Con lai],T_HP[Thang va ho ten],DSHV!BF{row}&T_HV[[#This Row],[TenHV&MaHV]])","SUMIFS(T_HP[Con lai],T_HP[Thang va ho ten],DSHV!$BF$3&T_HV[[#This Row],[TenHV&MaHV]])",423,FR-0080,Cần chuyển thành Business Rule và UAT
DSHV,T_HV,T15,"SUMIFS(T_HP[Con lai],T_HP[Thang va ho ten],DSHV!BG{row}&T_HV[[#This Row],[TenHV&MaHV]])","SUMIFS(T_HP[Con lai],T_HP[Thang va ho ten],DSHV!$BG$3&T_HV[[#This Row],[TenHV&MaHV]])",423,FR-0081,Cần chuyển thành Business Rule và UAT
DSHV,T_HV,T16,"SUMIFS(T_HP[Con lai],T_HP[Thang va ho ten],DSHV!BH{row}&T_HV[[#This Row],[TenHV&MaHV]])","SUMIFS(T_HP[Con lai],T_HP[Thang va ho ten],DSHV!$BH$3&T_HV[[#This Row],[TenHV&MaHV]])",423,FR-0082,Cần chuyển thành Business Rule và UAT
DSHV,T_HV,T17,"SUMIFS(T_HP[Con lai],T_HP[Thang va ho ten],DSHV!BI{row}&T_HV[[#This Row],[TenHV&MaHV]])","SUMIFS(T_HP[Con lai],T_HP[Thang va ho ten],DSHV!$BI$3&T_HV[[#This Row],[TenHV&MaHV]])",423,FR-0083,Cần chuyển thành Business Rule và UAT
DSHV,T_HV,T18,"SUMIFS(T_HP[Con lai],T_HP[Thang va ho ten],DSHV!BJ{row}&T_HV[[#This Row],[TenHV&MaHV]])","SUMIFS(T_HP[Con lai],T_HP[Thang va ho ten],DSHV!$BJ$3&T_HV[[#This Row],[TenHV&MaHV]])",423,FR-0084,Cần chuyển thành Business Rule và UAT
DSHV,T_HV,T19,"SUMIFS(T_HP[Con lai],T_HP[Thang va ho ten],DSHV!BK{row}&T_HV[[#This Row],[TenHV&MaHV]])","SUMIFS(T_HP[Con lai],T_HP[Thang va ho ten],DSHV!$BK$3&T_HV[[#This Row],[TenHV&MaHV]])",423,FR-0085,Cần chuyển thành Business Rule và UAT
DSHV,T_HV,T20,"SUMIFS(T_HP[Con lai],T_HP[Thang va ho ten],DSHV!BL{row}&T_HV[[#This Row],[TenHV&MaHV]])","SUMIFS(T_HP[Con lai],T_HP[Thang va ho ten],DSHV!$BL$3&T_HV[[#This Row],[TenHV&MaHV]])",423,FR-0086,Cần chuyển thành Business Rule và UAT
DSHV,T_HV,T21,"SUMIFS(T_HP[Con lai],T_HP[Thang va ho ten],DSHV!BM{row}&T_HV[[#This Row],[TenHV&MaHV]])","SUMIFS(T_HP[Con lai],T_HP[Thang va ho ten],DSHV!$BM$33&T_HV[[#This Row],[TenHV&MaHV]])",423,FR-0087,Cần chuyển thành Business Rule và UAT
DSHV,T_HV,T22,"SUMIFS(T_HP[Con lai],T_HP[Thang va ho ten],DSHV!BN{row}&T_HV[[#This Row],[TenHV&MaHV]])","SUMIFS(T_HP[Con lai],T_HP[Thang va ho ten],DSHV!$BN$3&T_HV[[#This Row],[TenHV&MaHV]])",423,FR-0088,Cần chuyển thành Business Rule và UAT
DSHV,T_HV,T23,"SUMIFS(T_HP[Con lai],T_HP[Thang va ho ten],DSHV!BO{row}&T_HV[[#This Row],[TenHV&MaHV]])","SUMIFS(T_HP[Con lai],T_HP[Thang va ho ten],DSHV!$BO$3&T_HV[[#This Row],[TenHV&MaHV]])",423,FR-0089,Cần chuyển thành Business Rule và UAT
DSHV,T_HV,T24,"SUMIFS(T_HP[Con lai],T_HP[Thang va ho ten],DSHV!BP{row}&T_HV[[#This Row],[TenHV&MaHV]])","SUMIFS(T_HP[Con lai],T_HP[Thang va ho ten],DSHV!$BP$3&T_HV[[#This Row],[TenHV&MaHV]])",423,FR-0090,Cần chuyển thành Business Rule và UAT
TheoDoiHP,T_HP,STT,"IF(T_HP[[#This Row],[MaLop]]="""",{n},COUNTA(F{row}:F{row}))","IF(T_HP[[#This Row],[MaLop]]="""",0,COUNTA($F$4:$F4))",3903,FR-0091,Cần chuyển thành Business Rule và UAT
TheoDoiHP,T_HP,MaLop,"IFERROR(IF(INDEX(T_HV[[MaLop]:[TenHV&MaHV]],MATCH(T_HP[[#This Row],[Ten HV]],T_HV[TenHV&MaHV],{n}),{n})="""","""",INDEX(T_HV[[MaLop]:[TenHV&MaHV]],MATCH(T_HP[[#This Row],[Ten HV]],T_HV[TenHV&MaHV],{n}),{n})),"""")","IFERROR(IF(INDEX(T_HV[[MaLop]:[TenHV&MaHV]],MATCH(T_HP[[#This Row],[Ten HV]],T_HV[TenHV&MaHV],0),1)="""","""",INDEX(T_HV[[MaLop]:[TenHV&MaHV]],MATCH(T_HP[[#This Row],[Ten HV]],T_HV[TenHV&MaHV],0),1)),"""")",3903,FR-0092,Cần chuyển thành Business Rule và UAT
TheoDoiHP,T_HP,TenLop,"IFERROR(INDEX(T_HV[[MaLop]:[TenHV&MaHV]],MATCH(T_HP[[#This Row],[Ten HV]],T_HV[TenHV&MaHV],{n}),{n}),"""")","IFERROR(INDEX(T_HV[[MaLop]:[TenHV&MaHV]],MATCH(T_HP[[#This Row],[Ten HV]],T_HV[TenHV&MaHV],0),2),"""")",3903,FR-0093,Cần chuyển thành Business Rule và UAT
TheoDoiHP,T_HP,HP thang hien tai,"IFERROR((T_HP[[#This Row],[So buoi]]-T_HP[[#This Row],[Buoi nghi]]-T_HP[[#This Row],[Buoi tru]])*T_HP[[#This Row],[ĐG]],"""")","IFERROR((T_HP[[#This Row],[So buoi]]-T_HP[[#This Row],[Buoi nghi]]-T_HP[[#This Row],[Buoi tru]])*T_HP[[#This Row],[ĐG]],"""")",3903,FR-0094,Cần chuyển thành Business Rule và UAT
TheoDoiHP,T_HP,TienGiaoTrinh,"SUMIFS(T_SachXuat[TienGiaoTrinh],T_SachXuat[TenHV&MaHV],T_HP[[#This Row],[Ten HV]],T_SachXuat[Tháng xuất],T_HP[[#This Row],[HP Tháng]])","SUMIFS(T_SachXuat[TienGiaoTrinh],T_SachXuat[TenHV&MaHV],T_HP[[#This Row],[Ten HV]],T_SachXuat[Tháng xuất],T_HP[[#This Row],[HP Tháng]])",3903,FR-0095,Cần chuyển thành Business Rule và UAT
TheoDoiHP,T_HP,TongHP,"IFERROR(T_HP[[#This Row],[HP thang hien tai]]+T_HP[[#This Row],[TienGiaoTrinh]]+T_HP[[#This Row],[HP dau ky]],"""")","IFERROR(T_HP[[#This Row],[HP thang hien tai]]+T_HP[[#This Row],[TienGiaoTrinh]]+T_HP[[#This Row],[HP dau ky]],"""")",3903,FR-0096,Cần chuyển thành Business Rule và UAT
TheoDoiHP,T_HP,Con lai,"IFERROR(T_HP[[#This Row],[TongHP]]-T_HP[[#This Row],[TienNop]],"""")","IFERROR(T_HP[[#This Row],[TongHP]]-T_HP[[#This Row],[TienNop]],"""")",3903,FR-0097,Cần chuyển thành Business Rule và UAT
TheoDoiHP,T_HP,HP ton thang truoc,"IFERROR(T_HP[[#This Row],[Cong don]]-T_HP[[#This Row],[Con lai]],"""")","IFERROR(T_HP[[#This Row],[Cong don]]-T_HP[[#This Row],[Con lai]],"""")",3903,FR-0098,Cần chuyển thành Business Rule và UAT
TheoDoiHP,T_HP,Tình trạng đóng học phí,"IF(T_HP[[#This Row],[Cong don]]>{n},""Chưa TT"",IF(T_HP[[#This Row],[Cong don]]={n},""Đã TT đủ"",""TT dư""))","IF(T_HP[[#This Row],[Cong don]]>0,""Chưa TT"",IF(T_HP[[#This Row],[Cong don]]=0,""Đã TT đủ"",""TT dư""))",3902,FR-0099,Cần chuyển thành Business Rule và UAT
TheoDoiHP,T_HP,Ten&Sdt,"INDEX(T_DSTest[Ten&Sdt],MATCH(T_HP[[#This Row],[MaSo]],T_DSTest[MaSo],{n}))","INDEX(T_DSTest[Ten&Sdt],MATCH(T_HP[[#This Row],[MaSo]],T_DSTest[MaSo],0))",3902,FR-0100,Cần chuyển thành Business Rule và UAT
TheoDoiHP,T_HP,MaSo,"INDEX(T_HV[],MATCH(T_HP[[#This Row],[Ten HV]],T_HV[TenHV&MaHV],{n}),MATCH(T_HP[[#Headers],[MaSo]],T_HV[#Headers],{n}))","INDEX(T_HV[],MATCH(T_HP[[#This Row],[Ten HV]],T_HV[TenHV&MaHV],0),MATCH(T_HP[[#Headers],[MaSo]],T_HV[#Headers],0))",3902,FR-0101,Cần chuyển thành Business Rule và UAT
TheoDoiHP,T_HP,TT học,"INDEX(T_HV[Tình trạng học],MATCH(T_HP[[#This Row],[Ten HV]],T_HV[TenHV&MaHV],{n}))","INDEX(T_HV[Tình trạng học],MATCH(T_HP[[#This Row],[Ten HV]],T_HV[TenHV&MaHV],0))",3902,FR-0102,Cần chuyển thành Business Rule và UAT
TheoDoiHP,T_HP,Thang va ho ten,"T_HP[[#This Row],[HP Tháng]]&T_HP[[#This Row],[Ten HV]]","T_HP[[#This Row],[HP Tháng]]&T_HP[[#This Row],[Ten HV]]",5967,FR-0103,Cần chuyển thành Business Rule và UAT
TheoDoiHP,T_HP,Ho ten,"VLOOKUP(T_HP[[#This Row],[MaSo]],T_HV[[MaSo]:[Ho ten]],{n},{n})","VLOOKUP(T_HP[[#This Row],[MaSo]],T_HV[[MaSo]:[Ho ten]],6,0)",3902,FR-0104,Cần chuyển thành Business Rule và UAT
TheoDoiHP,T_HP,Ngay NH,"INDEX(T_HV[[Ngay nhap]:[TenHV&MaHV]],MATCH(T_HP[[#This Row],[Ten HV]],T_HV[TenHV&MaHV],{n}),{n})","INDEX(T_HV[[Ngay nhap]:[TenHV&MaHV]],MATCH(T_HP[[#This Row],[Ten HV]],T_HV[TenHV&MaHV],0),1)",3902,FR-0105,Cần chuyển thành Business Rule và UAT
TheoDoiHP,T_HP,Ngay KT,"IF(INDEX(T_HV[[Ngay nhap]:[TenHV&MaHV]],MATCH(T_HP[[#This Row],[Ten HV]],T_HV[TenHV&MaHV],{n}),{n})="""","""",INDEX(T_HV[[Ngay nhap]:[TenHV&MaHV]],MATCH(T_HP[[#This Row],[Ten HV]],T_HV[TenHV&MaHV],{n}),{n}))","IF(INDEX(T_HV[[Ngay nhap]:[TenHV&MaHV]],MATCH(T_HP[[#This Row],[Ten HV]],T_HV[TenHV&MaHV],0),2)="""","""",INDEX(T_HV[[Ngay nhap]:[TenHV&MaHV]],MATCH(T_HP[[#This Row],[Ten HV]],T_HV[TenHV&MaHV],0),2))",3902,FR-0106,Cần chuyển thành Business Rule và UAT
TheoDoiHP,T_HP,ĐG,"IFERROR(VLOOKUP(T_HP[[#This Row],[Ten HV]],T_HV[[TenHV&MaHV]:[HocPhi/Buoi]],{n},{n})*({n}-T_HP[[#This Row],[Hoc bong]]-T_HP[[#This Row],[HB dieu chinh]]),"""")","IFERROR(VLOOKUP(T_HP[[#This Row],[Ten HV]],T_HV[[TenHV&MaHV]:[HocPhi/Buoi]],3,0)*(1-T_HP[[#This Row],[Hoc bong]]-T_HP[[#This Row],[HB dieu chinh]]),"""")",3902,FR-0107,Cần chuyển thành Business Rule và UAT
TheoDoiHP,T_HP,So buoi,"IFERROR(INDEX(T_HV[[TenHV&MaHV]:[{n}]],MATCH(T_HP[[#This Row],[Ten HV]],T_HV[TenHV&MaHV],{n}),MATCH(T_HP[[#This Row],[HP Tháng]],DSHV!W{row}:AQ{row},{n})),"""")","IFERROR(INDEX(T_HV[[TenHV&MaHV]:[1]],MATCH(T_HP[[#This Row],[Ten HV]],T_HV[TenHV&MaHV],0),MATCH(T_HP[[#This Row],[HP Tháng]],DSHV!$W$3:$AQ$3,0)),"""")",3902,FR-0108,Cần chuyển thành Business Rule và UAT
TheoDoiHP,T_HP,Buoi nghi,"IF((T_HP[[#This Row],[HP Tháng]]-{n})={n},{n},IF(T_HP[[#This Row],[Ngay KT]]="""",COUNTIFS(T_ChiTietLop[TenLop],T_HP[[#This Row],[TenLop]],T_ChiTietLop[TTHoc],""K"",T_ChiTietLop[Tháng],(T_HP[[#This Row],[HP Tháng]]-{n}),T_ChiTietLop[Ngay thang],"">=""&T_HP[[#This Row],[Ngay NH]]),COUNTIFS(T_ChiTietLop[TenLop],T_HP[[#This Row],[TenLop]],T_ChiTietLop[TTHoc],""K"",T_ChiTietLop[Tháng],(T_HP[[#This Row],[HP Tháng]]-{n}),T_ChiTietLop[Ngay thang],"">=""&T_HP[[#This Row],[Ngay NH]],T_ChiTietLop[Ngay thang],""<""&T_HP[[#This Row],[Ngay KT]])))","IF((T_HP[[#This Row],[HP Tháng]]-1)=1,0,IF(T_HP[[#This Row],[Ngay KT]]="""",COUNTIFS(T_ChiTietLop[TenLop],T_HP[[#This Row],[TenLop]],T_ChiTietLop[TTHoc],""K"",T_ChiTietLop[Tháng],(T_HP[[#This Row],[HP Tháng]]-1),T_ChiTietLop[Ngay thang],"">=""&T_HP[[#This Row],[Ngay NH]]),COUNTIFS(T_ChiTietLop[TenLop],T_HP[[#This Row],[TenLop]],T_ChiTietLop[TTHoc],""K"",T_ChiTietLop[Tháng],(T_HP[[#This Row],[HP Tháng]]-1),T_ChiTietLop[Ngay thang],"">=""&T_HP[[#This Row],[Ngay NH]],T_ChiTietLop[Ngay thang],""<""&T_HP[[#This Row],[Ngay KT]])))",3902,FR-0109,Cần chuyển thành Business Rule và UAT
TheoDoiHP,T_HP,Hoc bong,"INDEX(T_HV[Column4],MATCH(T_HP[[#This Row],[Ten HV]],T_HV[TenHV&MaHV],{n}))","INDEX(T_HV[Column4],MATCH(T_HP[[#This Row],[Ten HV]],T_HV[TenHV&MaHV],0))",3902,FR-0110,Cần chuyển thành Business Rule và UAT
TheoDoiHP,T_HP,Cong don,"SUMIFS(Q{row}:Q{row},H{row}:H{row},H{row})","SUMIFS($Q$4:Q4,$H$4:H4,H4)",3902,FR-0111,Cần chuyển thành Business Rule và UAT
TheoDoiHP,T_HP,Tuan TT,"IF(T_HP[[#This Row],[NgayNopTien]]="""","""",WEEKNUM(T_HP[[#This Row],[NgayNopTien]],{n}))","IF(T_HP[[#This Row],[NgayNopTien]]="""","""",WEEKNUM(T_HP[[#This Row],[NgayNopTien]],2))",3902,FR-0112,Cần chuyển thành Business Rule và UAT
TheoDoiHP,T_HP,Thang thanh toan,"IFERROR(IF(T_HP[[#This Row],[NgayNopTien]]={n},"""",YEAR(T_HP[[#This Row],[NgayNopTien]])&""-""&MONTH(T_HP[[#This Row],[NgayNopTien]])),YEAR(TODAY())&""-""&T_HP[[#This Row],[HP Tháng]])","IFERROR(IF(T_HP[[#This Row],[NgayNopTien]]=0,"""",YEAR(T_HP[[#This Row],[NgayNopTien]])&""-""&MONTH(T_HP[[#This Row],[NgayNopTien]])),YEAR(TODAY())&""-""&T_HP[[#This Row],[HP Tháng]])",3902,FR-0113,Cần chuyển thành Business Rule và UAT
TheoDoiHP,T_HP,Thang (1),"T_HP[[#This Row],[HP Tháng]]+{n}","T_HP[[#This Row],[HP Tháng]]+1",5967,FR-0114,Cần chuyển thành Business Rule và UAT
TheoDoiHP,T_HP,Số buổi (1),"IFERROR(INDEX(T_HV[[TenHV&MaHV]:[{n}]],MATCH(T_HP[[#This Row],[Ten HV]],T_HV[TenHV&MaHV],{n}),MATCH(T_HP[[#This Row],[Thang ({n})]],DSHV!W{row}:AQ{row},{n})),"""")","IFERROR(INDEX(T_HV[[TenHV&MaHV]:[1]],MATCH(T_HP[[#This Row],[Ten HV]],T_HV[TenHV&MaHV],0),MATCH(T_HP[[#This Row],[Thang (1)]],DSHV!$W$3:$AQ$3,0)),"""")",3902,FR-0115,Cần chuyển thành Business Rule và UAT
TheoDoiHP,T_HP,Học phí (1),"T_HP[[#This Row],[Số buổi ({n})]]*T_HP[[#This Row],[ĐG]]","T_HP[[#This Row],[Số buổi (1)]]*T_HP[[#This Row],[ĐG]]",5967,FR-0116,Cần chuyển thành Business Rule và UAT
TheoDoiHP,T_HP,Thang (2),"T_HP[[#This Row],[HP Tháng]]+{n}","T_HP[[#This Row],[HP Tháng]]+2",5967,FR-0117,Cần chuyển thành Business Rule và UAT
TheoDoiHP,T_HP,Số buổi (2),"IFERROR(INDEX(T_HV[[TenHV&MaHV]:[{n}]],MATCH(T_HP[[#This Row],[Ten HV]],T_HV[TenHV&MaHV],{n}),MATCH(T_HP[[#This Row],[Thang ({n})]],DSHV!W{row}:AQ{row},{n})),"""")","IFERROR(INDEX(T_HV[[TenHV&MaHV]:[1]],MATCH(T_HP[[#This Row],[Ten HV]],T_HV[TenHV&MaHV],0),MATCH(T_HP[[#This Row],[Thang (2)]],DSHV!$W$3:$AQ$3,0)),"""")",3902,FR-0118,Cần chuyển thành Business Rule và UAT
TheoDoiHP,T_HP,Học phí (2),"T_HP[[#This Row],[Số buổi ({n})]]*T_HP[[#This Row],[ĐG]]","T_HP[[#This Row],[Số buổi (2)]]*T_HP[[#This Row],[ĐG]]",5967,FR-0119,Cần chuyển thành Business Rule và UAT
TheoDoiHP,T_HP,Cộng dồn (2),"T_HP[[#This Row],[Cong don]]+T_HP[[#This Row],[Học phí ({n})]]+T_HP[[#This Row],[Học phí ({n})]]","T_HP[[#This Row],[Cong don]]+T_HP[[#This Row],[Học phí (1)]]+T_HP[[#This Row],[Học phí (2)]]",5967,FR-0120,Cần chuyển thành Business Rule và UAT
TheoDoiHP,T_HP,Column2,"VLOOKUP(T_HP[[#This Row],[Ten HV]],#REF!,{n},{n})","VLOOKUP(T_HP[[#This Row],[Ten HV]],#REF!,36,0)",3902,FR-0121,Cần chuyển thành Business Rule và UAT
XuatNhapSach,T_SachTon,STT,"IF(T_SachTon[[#This Row],[MaLop]]={n},{n},SUBTOTAL({n},AJ{row}:T_SachTon[[#This Row],[MaLop]]))","IF(T_SachTon[[#This Row],[MaLop]]=0,0,SUBTOTAL(3,$AJ$7:T_SachTon[[#This Row],[MaLop]]))",170,FR-0122,Cần chuyển thành Business Rule và UAT
XuatNhapSach,T_SachTon,Column3,"IFERROR(T_SachTon[[#This Row],[Column1]]-T_SachTon[[#This Row],[Column2]]+T_SachTon[[#This Row],[Số Lượng]],"""")","IFERROR(T_SachTon[[#This Row],[Column1]]-T_SachTon[[#This Row],[Column2]]+T_SachTon[[#This Row],[Số Lượng]],"""")",170,FR-0123,Cần chuyển thành Business Rule và UAT
XuatNhapSach,T_SachTon,Column1,"IF(AO{row}<>{n},SUMIFS(T_SachNhap[SL nhập],T_SachNhap[TenSach],T_SachTon[[#This Row],[TenSach]],T_SachNhap[Tháng nhập],AO{row}),SUMIF(T_SachNhap[TenSach],T_SachTon[[#This Row],[TenSach]],T_SachNhap[SL nhập]))","IF($AO$5<>0,SUMIFS(T_SachNhap[SL nhập],T_SachNhap[TenSach],T_SachTon[[#This Row],[TenSach]],T_SachNhap[Tháng nhập],$AO$5),SUMIF(T_SachNhap[TenSach],T_SachTon[[#This Row],[TenSach]],T_SachNhap[SL nhập]))",170,FR-0124,Cần chuyển thành Business Rule và UAT
XuatNhapSach,T_SachTon,Column2,"IF(AP{row}<>{n},SUMIFS(T_SachXuat[SL],T_SachXuat[TenSach],T_SachTon[[#This Row],[TenSach]],T_SachXuat[Tháng xuất],AP{row}),SUMIF(T_SachXuat[TenSach],T_SachTon[[#This Row],[TenSach]],T_SachXuat[SL]))","IF($AP$5<>0,SUMIFS(T_SachXuat[SL],T_SachXuat[TenSach],T_SachTon[[#This Row],[TenSach]],T_SachXuat[Tháng xuất],$AP$5),SUMIF(T_SachXuat[TenSach],T_SachTon[[#This Row],[TenSach]],T_SachXuat[SL]))",169,FR-0125,Cần chuyển thành Business Rule và UAT
XuatNhapSach,T_SachTon,Column2,"IFERROR(IF(AP{row}<>{n},SUMIFS(T_SachXuat[SL],T_SachXuat[TenSach],T_SachTon[[#This Row],[TenSach]],T_SachXuat[Tháng xuất],AP{row}),SUMIF(T_SachXuat[TenSach],T_SachTon[[#This Row],[TenSach]],T_SachXuat[SL])),"""")","IFERROR(IF($AP$5<>0,SUMIFS(T_SachXuat[SL],T_SachXuat[TenSach],T_SachTon[[#This Row],[TenSach]],T_SachXuat[Tháng xuất],$AP$5),SUMIF(T_SachXuat[TenSach],T_SachTon[[#This Row],[TenSach]],T_SachXuat[SL])),"""")",1,FR-0126,Cần chuyển thành Business Rule và UAT
XuatNhapSach,T_SachNhap,Tổng tiền,"T_SachNhap[[#This Row],[SL nhập]]*T_SachNhap[[#This Row],[Đơn giá]]","T_SachNhap[[#This Row],[SL nhập]]*T_SachNhap[[#This Row],[Đơn giá]]",163,FR-0127,Cần chuyển thành Business Rule và UAT
XuatNhapSach,T_SachNhap,Tháng nhập,"MONTH(T_SachNhap[[#This Row],[Ngày tháng]])","MONTH(T_SachNhap[[#This Row],[Ngày tháng]])",163,FR-0128,Cần chuyển thành Business Rule và UAT
XuatNhapSach,T_SachXuat,STT,"IF(T_SachXuat[[#This Row],[MaLop]]={n},{n},SUBTOTAL({n},F{row}:T_SachXuat[[#This Row],[MaLop]]))","IF(T_SachXuat[[#This Row],[MaLop]]=0,0,SUBTOTAL(3,$F$7:T_SachXuat[[#This Row],[MaLop]]))",2477,FR-0129,Cần chuyển thành Business Rule và UAT
XuatNhapSach,T_SachXuat,DonGia,"IFERROR(INDEX(T_SachTon[],MATCH(T_SachXuat[[#This Row],[TenSach]],T_SachTon[TenSach],{n}),MATCH(T_SachXuat[[#Headers],[DonGia]],T_SachTon[#Headers],{n})),"""")","IFERROR(INDEX(T_SachTon[],MATCH(T_SachXuat[[#This Row],[TenSach]],T_SachTon[TenSach],0),MATCH(T_SachXuat[[#Headers],[DonGia]],T_SachTon[#Headers],0)),"""")",2477,FR-0130,Cần chuyển thành Business Rule và UAT
XuatNhapSach,T_SachXuat,TienGiaoTrinh,"IFERROR(IF(T_SachXuat[[#This Row],[Column3]]="""",T_SachXuat[[#This Row],[DonGia]]*T_SachXuat[[#This Row],[SL]],{n}),"""")","IFERROR(IF(T_SachXuat[[#This Row],[Column3]]="""",T_SachXuat[[#This Row],[DonGia]]*T_SachXuat[[#This Row],[SL]],0),"""")",2477,FR-0131,Cần chuyển thành Business Rule và UAT
XuatNhapSach,T_SachXuat,TTTien,"IFERROR(IF(T_SachXuat[[#This Row],[Column3]]="""",IF(T_SachXuat[[#This Row],[TienGiaoTrinh]]<=INDEX(T_HP[Con lai],MATCH(T_SachXuat[[#This Row],[TenHV&MaHV]],T_HP[Ten HV],{n})),""Chưa TT"",""Đã TT""),T_SachXuat[[#This Row],[Column3]]),"""")","IFERROR(IF(T_SachXuat[[#This Row],[Column3]]="""",IF(T_SachXuat[[#This Row],[TienGiaoTrinh]]<=INDEX(T_HP[Con lai],MATCH(T_SachXuat[[#This Row],[TenHV&MaHV]],T_HP[Ten HV],0)),""Chưa TT"",""Đã TT""),T_SachXuat[[#This Row],[Column3]]),"""")",2477,FR-0132,Cần chuyển thành Business Rule và UAT
XuatNhapSach,T_SachXuat,Tháng xuất,"MONTH(T_SachXuat[[#This Row],[NgayThang]])","MONTH(T_SachXuat[[#This Row],[NgayThang]])",2477,FR-0133,Cần chuyển thành Business Rule và UAT
Thu-Chi,T_Chi,Tháng chi,"YEAR(T_Chi[[#This Row],[Ngày tháng]])&""-""&MONTH(T_Chi[[#This Row],[Ngày tháng]])","YEAR(T_Chi[[#This Row],[Ngày tháng]])&""-""&MONTH(T_Chi[[#This Row],[Ngày tháng]])",317,FR-0134,Cần chuyển thành Business Rule và UAT
Thu-Chi,T_Chi,Tuan chi,"IF(T_Chi[[#This Row],[Ngày tháng]]="""","""",WEEKNUM(T_Chi[[#This Row],[Ngày tháng]],{n}))","IF(T_Chi[[#This Row],[Ngày tháng]]="""","""",WEEKNUM(T_Chi[[#This Row],[Ngày tháng]],2))",317,FR-0135,Cần chuyển thành Business Rule và UAT
Thu-Chi,T_Thu,Tháng thu,"YEAR(T_Thu[[#This Row],[Ngày tháng]])&""-""&MONTH(T_Thu[[#This Row],[Ngày tháng]])","YEAR(T_Thu[[#This Row],[Ngày tháng]])&""-""&MONTH(T_Thu[[#This Row],[Ngày tháng]])",148,FR-0136,Cần chuyển thành Business Rule và UAT
Thu-Chi,T_Thu,Tuan thu,"IF(T_Thu[[#This Row],[Ngày tháng]]="""","""",WEEKNUM(T_Thu[[#This Row],[Ngày tháng]],{n}))","IF(T_Thu[[#This Row],[Ngày tháng]]="""","""",WEEKNUM(T_Thu[[#This Row],[Ngày tháng]],2))",148,FR-0137,Cần chuyển thành Business Rule và UAT
DSLop,T_DSLop,Ten lop,"T_DSLop[[#This Row],[MaLop]]&""-""&T_DSLop[[#This Row],[Lop]]","T_DSLop[[#This Row],[MaLop]]&""-""&T_DSLop[[#This Row],[Lop]]",34,FR-0138,Cần chuyển thành Business Rule và UAT
DSLop,T_DSLop,NgayKTDuKien,"T_DSLop[[#This Row],[NgayBD]]+(T_DSLop[[#This Row],[SLBuoiHoc]]+T_DSLop[[#This Row],[So buoi nghi]])","T_DSLop[[#This Row],[NgayBD]]+(T_DSLop[[#This Row],[SLBuoiHoc]]+T_DSLop[[#This Row],[So buoi nghi]])",34,FR-0139,Cần chuyển thành Business Rule và UAT
DSLop,T_DSLop,So buoi nghi,"COUNTIFS(T_ChiTietLop[TenLop],T_DSLop[[#This Row],[Ten lop]],T_ChiTietLop[TTHoc],""K"")","COUNTIFS(T_ChiTietLop[TenLop],T_DSLop[[#This Row],[Ten lop]],T_ChiTietLop[TTHoc],""K"")",34,FR-0140,Cần chuyển thành Business Rule và UAT
DSLop,T_DSLop,Column4,"COUNTIFS(T_ChiTietLop[TenLop],T_DSLop[[#This Row],[TenLop]],T_ChiTietLop[TTHoc],""C"")","COUNTIFS(T_ChiTietLop[TenLop],T_DSLop[[#This Row],[TenLop]],T_ChiTietLop[TTHoc],""C"")",34,FR-0141,Cần chuyển thành Business Rule và UAT
DSLop,T_DSLop,Con lai,"T_DSLop[[#This Row],[SLBuoiHoc]]-T_DSLop[[#This Row],[Column4]]-T_DSLop[[#This Row],[Buoi so]]","T_DSLop[[#This Row],[SLBuoiHoc]]-T_DSLop[[#This Row],[Column4]]-T_DSLop[[#This Row],[Buoi so]]",34,FR-0142,Cần chuyển thành Business Rule và UAT
DSLop,T_DSLop,TenLop,"T_DSLop[[#This Row],[MaLop]]&""-""&T_DSLop[[#This Row],[Lop]]","T_DSLop[[#This Row],[MaLop]]&""-""&T_DSLop[[#This Row],[Lop]]",34,FR-0143,Cần chuyển thành Business Rule và UAT
DSLop,T_DSLop,BuoiHoc/Tuan,"INDEX(Table2[],MATCH(T_DSLop[[#This Row],[MaLop]],Table2[MaLop],{n}),MATCH(T_DSLop[[#Headers],[BuoiHoc/Tuan]],Table2[#Headers],{n}))","INDEX(Table2[],MATCH(T_DSLop[[#This Row],[MaLop]],Table2[MaLop],0),MATCH(T_DSLop[[#Headers],[BuoiHoc/Tuan]],Table2[#Headers],0))",34,FR-0144,Cần chuyển thành Business Rule và UAT
DSLop,T_DSLop,HocPhi/Buoi,"INDEX(Table2[],MATCH(T_DSLop[[#This Row],[MaLop]],Table2[MaLop],{n}),MATCH(T_DSLop[[#Headers],[HocPhi/Buoi]],Table2[#Headers],{n}))","INDEX(Table2[],MATCH(T_DSLop[[#This Row],[MaLop]],Table2[MaLop],0),MATCH(T_DSLop[[#Headers],[HocPhi/Buoi]],Table2[#Headers],0))",34,FR-0145,Cần chuyển thành Business Rule và UAT
DSLop,T_DSLop,Column1,"T_DSLop[[#This Row],[BuoiHoc/Tuan]]*T_DSLop[[#This Row],[HocPhi/Buoi]]*{n}","T_DSLop[[#This Row],[BuoiHoc/Tuan]]*T_DSLop[[#This Row],[HocPhi/Buoi]]*4",34,FR-0146,Cần chuyển thành Business Rule và UAT
DSLop,T_DSLop,SLHVNow,"COUNTIFS(T_HV[TenLop],T_DSLop[[#This Row],[TenLop]],T_HV[Tình trạng học],""Đang đi học"")","COUNTIFS(T_HV[TenLop],T_DSLop[[#This Row],[TenLop]],T_HV[Tình trạng học],""Đang đi học"")",34,FR-0147,Cần chuyển thành Business Rule và UAT
NhanSu,T_NS,Tình trạng làm việc,"IF(T_NS[[#This Row],[Ngày nghỉ]]<>{n},""Nghỉ ngang"",IF(T_NS[[#This Row],[Hạn HĐ]]={n},""Chưa có info"",IF(AND(T_NS[[#This Row],[Hạn HĐ]]-TODAY()>={n},T_NS[[#This Row],[Hạn HĐ]]-TODAY()<{n}),""Sắp hết hạn HĐ"",IF(T_NS[[#This Row],[Hạn HĐ]]-TODAY()<{n},""Đã hết hạn HĐ"",""""))))","IF(T_NS[[#This Row],[Ngày nghỉ]]<>0,""Nghỉ ngang"",IF(T_NS[[#This Row],[Hạn HĐ]]=0,""Chưa có info"",IF(AND(T_NS[[#This Row],[Hạn HĐ]]-TODAY()>=0,T_NS[[#This Row],[Hạn HĐ]]-TODAY()<40),""Sắp hết hạn HĐ"",IF(T_NS[[#This Row],[Hạn HĐ]]-TODAY()<0,""Đã hết hạn HĐ"",""""))))",53,FR-0148,Cần chuyển thành Business Rule và UAT
NhanSu,T_NS,Tháng năm nhận việc,"MONTH(T_NS[[#This Row],[Ngày ký HĐ]])&""/""&YEAR(T_NS[[#This Row],[Ngày ký HĐ]])","MONTH(T_NS[[#This Row],[Ngày ký HĐ]])&""/""&YEAR(T_NS[[#This Row],[Ngày ký HĐ]])",53,FR-0149,Cần chuyển thành Business Rule và UAT
